ID вопроса,Вопрос
1,Как просрочка по «беспроцентному» займу скажется на переплате/ПСК?
2,"Как действовать вкладчику при отзыве лицензии, учитывая лимит безопасной суммы?"
3,Как действовать при оспаривании незаконной продажи долга с учетом установленных сроков ответа на претензии?
4,Как изменился лимит социального вычета на спорт по сравнению с 2022 годом?
5,Чем отличаются сроки обращения за наследством по закону от сроков для налогового имущественного вычета?
6,Почему при высокой долговой нагрузке банк может отказать в новом кредите?
7,Что сделать первым делом при обнаружении мошеннического списания с карты?
8,"Куда обращаться, если заемные деньги ушли мошенникам?"
9,Как с помощью госгарантий повысить шанс одобрения и какую долю кредита они покрывают?
10,Почему вклад безопаснее инвестиций в ценные бумаги?
11,"Каковы сроки блокировки перевода, а также решения финомбудсмена?"
12,Почему иностранные депозитарные расписки и многие ETF могут быть заблокированы и кому они доступны?
13,Какие приемы помогут сократить импульсные покупки?
14,Чем отличаются госгарантии по деньгам на эскроу от гарантий по накоплениям в НПФ?
15,Как распознать мошенников при возврате денег за отмененный рейс?
16,Какие документы подойдут для подтверждения дохода при заявке на кредит?
17,Зачем частному клиенту следить за рейтингом страховщика на фоне возможной приостановки лицензии?
18,Чем для вкладчика отличается санация от отзыва лицензии?
19,Какие лимиты действуют на выплаты клиентам МФО по сравнению с гарантиями для клиентов НПФ?
20,Какие банковские инструменты подходят для безопасных расчетов и для возврата денег при споре?
21,Как безопасно настроить автоплатеж?
22,Как мошенники крадут реквизиты при оплате онлайн?
23,"Чем отличаются ОСАГО, каско, ДСАГО по выплатам?"
24,Какие базовые меры кибербезопасности соблюдать при онлайн‑оплате услуг?
25,Зачем и в каких случаях инвесторам нужно проходить тестирование перед сделками с облигациями и при маржинальной торговле?
26,Можно ли продать ипотечную квартиру при разводе без суда?
27,Как изменится доступ неквалифицированного инвестора к иностранным акциям на российских биржах с 2025 года?
28,Зачем добавлять золото в портфель в период нестабильности рынка?
29,Чем отличаются кредитные каникулы от внесудебного банкротства?
30,"Какие гранты доступны начинающему предпринимателю, а какие налоговые каникулы предусмотрены?"
31,"Чем отличаются ипотечные каникулы от кредитных, допускаются ли они при уже допущенной просрочке?"
32,Как определить официальный сайт финансовой организации по признакам в поиске?
33,Чем различается ответственность по долгам ИП по сравнению с ООО?
34,Что общего в последствиях просрочки по микрозайму и по займу через инвестиционную платформу?
35,Как безопасно оплатить покупку онлайн?
36,Как снизить риск при онлайн‑покупках к школе?
37,"Что произойдет с ипотекой при разводе, если один из супругов перестанет платить?"
38,Когда обращаться с жалобой в Банк России?
39,Чем самозапрет на кредиты отличается от услуг кредитных брокеров?
40,Когда наследник вправе рассчитывать на повышенное страховое возмещение по средствам из наследства с учетом требований к оформлению прав?
41,Зачем нужны обновления системы вместе с антивирусом для защиты от фишинга?
42,Как меняется роль Банка России в защите интересов клиентов при реорганизации НПФ по сравнению с его мандатом по контролю инфляции?
43,В каких законных случаях пенсионные накопления оказываются в другом фонде без вашего согласия?
44,Что делать при звонке «из банка» с тревожными новостями о счете?
45,Что делать при СМС о блокировке банковской карты?
46,Кому доступен залог до продажи: жильцам ипотечной квартиры против владельца автомобиля в автоломбарде?
47,"Как узнать, в каких БКИ хранится моя кредитная история, чтобы посмотреть свой индивидуальный рейтинг?"
48,Какие меры нужны для безопасных онлайн-платежей с детской карты?
49,Какие действуют лимиты: сколько возмещает АСВ по дополнительной пенсии и какие максимальные суммы обычно выдают МФО?
50,Как по-разному обращаются со штрафами и пенями при ипотечных каникулах и при судебном банкротстве?
51,"Как проходят расчеты при продаже квартиры, находящейся в залоге у банка?"
52,"Каков общий лимит вычета на взносы при сочетании ИИС‑3, ПДС, доппенсии?"
53,Когда кредитор сможет продать залог: автомобиль в автоломбарде против ипотечной квартиры?
54,"На что смотреть при покупке полиса ДМС, чтобы не ошибиться?"
55,"Где по умолчанию хранятся пенсионные накопления, допускается ли перевод между СФР и НПФ?"
56,Почему обещания кредитного брокера «гарантируем кредит» не заслуживают доверия?
57,Какими способами пополнить карту безналичной валютой и можно ли затем снять эти деньги в иностранной наличности?
58,"Какие действия нужны, чтобы получить выплату после ДТП по европротоколу, включая необходимые доказательства?"
59,Что будет с авто в залоге по автокредиту при просрочке либо после смерти заемщика?
60,Как различается защита денег при отзыве лицензии у банка: депозит против счета эскроу?
61,Как официальные данные об инфляции можно использовать при решении: брать ипотеку или разместить деньги на вкладе?
62,"Как неквалу получить доступ к ETF зарубежных рынков, а также к паям ЗПИФов?"
63,Совместима ли компенсация 450 000 ₽ по ипотеке для третьего ребенка с имущественным налоговым вычетом?
64,Какие приемы помогают сократить импульсивные траты?
65,"Зачем финансовая подушка безопасности нужна семье так же, как зрелому бизнесу?"
66,Чем отличаются государственные гарантии для денег на эскроу при покупке новостройки и для банковского вклада?
67,Как безопаснее настроить оплату частями в онлайн‑магазине?
68,"Какие льготы предусмотрены по программе долгосрочных сбережений, включая размер вычета на взносы?"
69,Какие лимиты действуют для бесплатных переводов по СБП по сравнению с кэшаутом?
70,Как проходит расчет через счет эскроу при долевом строительстве?
71,Кто контролирует профессиональных участников фондового рынка?
72,"На какой срок разумно вкладываться в драгоценные металлы для сохранения сбережений, чтобы вписать это в финансовый план?"
73,При каких условиях мобилизованный ИП может перейти на НПД?
74,"Кому доступен банковский вклад, а кому положен имущественный вычет при покупке жилья?"
75,Какие документы подтверждают ваши права по онлайн-сделке на маркетплейсе в отличие от случая утери векселя?
76,"Кто контролирует МФО, а кто — коллекторов?"
77,"Что стоит внимательно проверить в договоре, если вы оформляете НПО в НПФ и если берете заем?"
78,Как начисляются проценты и штрафы во время кредитных каникул по санкциям и по мобилизации?
79,"Почему внебиржевые сделки рискованнее, чем торговля на бирже?"
80,Как проверить полис ОСАГО через НСИС?
81,Есть ли госгарантия возврата средств при крахе брокера либо при исключении МФО из реестра?
82,"Что происходит дальше, если должник отказывается от общения с коллекторами?"
83,Какие инструменты подойдут для консервативного накопления на срок от трех лет и с чего лучше начинать инвестору‑новичку?
84,"Что делать, если пришло сообщение о блокировке карты с просьбой перезвонить по незнакомому номеру?"
85,Как меняется выплата по ОСАГО при европротоколе в зависимости от фотофиксации либо разногласий?
86,Почему заявления о страховке в МФО не гарантируют возврат вложений?
87,"Чем отличаются госгарантии для вкладов, пенсионных накоплений в НПФ, полисов НСЖ по защите суммы?"
88,"В каких случаях выгоднее созаемщик, а не поручитель, для снижения ставки либо увеличения суммы?"
89,"Как работают структурные облигации, привязанные к цене золота?"
90,Почему инвестиции в себя считаются выгодными?
91,Чем отличается остановка операции от блокировки счета по 115‑ФЗ?
92,"Почему за наличную валюту стоит идти в банк, а не к брокеру?"
93,Как отличаются кредитные каникулы для мобилизованных ИП от каникул для МСП из санкционных отраслей?
94,Почему при возврате денег за страховку сумма бывает меньше из‑за комиссий посредников?
95,Чем отличаются гранты от льготных кредитов по обязательствам по возврату средств?
96,Чем факторинг отличается от банковского кредита по обеспечению?
97,"Какую роль играет Агентство по страхованию вкладов в защите вкладчиков банков, а также клиентов страховщиков?"
98,Как налогообложение дохода сотрудников на УСН соотносится с пределом удержаний при взыскании долгов?
99,Защищены ли деньги на счете эскроу при покупке строящегося жилья?
100,Какие меры снижают риск кражи денег при расчетах на сайтах объявлений?
101,Почему неквалифицированным инвесторам сейчас рискованно покупать иностранные бумаги через российских посредников?
102,Сколько максимально вернут по соцвычету и по взносам на ИИС при ставке НДФЛ 22%
103,Можно ли без потерь забрать деньги из НСЖ или ИСЖ после покупки полиса?
104,За счет чего банки обеспечивают выплаты кешбэка?
105,"Когда разумнее выбрать микрозаем в МФО, а не льготный банковский кредит?"
106,Чем отличается лимит пополнений ИИС-1/2 от лимита суммы взносов для вычета по ИИС-3?
107,Как распределение накоплений между несколькими НПФ влияет на размер гарантированной защиты?
108,Как подтверждается подписание онлайн-кредита?
109,"Если бизнес не проходит по условиям льготного кредитования, какой инструмент позволит профинансировать оборудование на спецусловиях?"
110,Как проверить СМС о «пополнении счета» на подлинность?
111,"Какой минимальный срок держать ИИС разных типов, чтобы сохранить право на налоговые льготы?"
112,"Как проверить, что финансовый посредник или платформа действует легально, и куда жаловаться при проблемах с инвестиционной платформой?"
113,Как банки получают госданные при онлайн-заявке на ипотеку?
114,Что произойдет с долгом при продаже залога дешевле задолженности: в автоломбарде против ипотеки?
115,Почему низкая ставка по кредиту не гарантирует выгоду при покупке квартиры либо оборудования?
116,Почему не стоит отыгрываться на падающем рынке?
117,Зачем для вклада выбирать надежный банк в конце года?
118,Что делать при подозрительных списаниях по карте?
119,"Последствия затяжной просрочки по ипотеке, оптимальная тактика до суда?"
120,Как повысить шансы на одобрение кредита без переплаты за ненужные услуги?
121,"Куда обращаться при заниженной выплате, если страховщик проходит санацию?"
122,Как оспорить списание по карте с учетом срока ответа банка?
123,Почему полис ИСЖ не равен вкладу в контексте раздела при разводе?
124,Когда возможны повышенные выплаты по вкладам до 10 млн рублей?
125,Как подходить к выбору продавца на маркетплейсе либо кредитного брокера?
126,Почему высокий индивидуальный кредитный рейтинг не гарантирует одобрение кредита?
127,Какие меры заранее снижают риск кражи денег с карты в поездке и дома?
128,Когда ФНС присылает готовое заявление на вычет без декларации
129,Чем отличается порядок прекращения договоров при отказе страховщика от лицензии от ситуации с отзывом лицензии?
130,Куда обращаться с жалобой на страховщика в зависимости от вида нарушения?
131,"Как узнать, в каких БКИ хранится моя кредитная история, и как бесплатно получить отчет?"
132,Куда обращаться при споре со страховой?
133,Что выбрать предпринимателю без залога при потребности в деньгах на короткий срок?
134,Чем для вкладчика отличается санация от отзыва лицензии?
135,В каких случаях банк компенсирует хищение средств?
136,"Как убедиться, что письмо о школьной субсидии не от мошенников?"
137,Куда обращаться за выплатами: советские вклады против вкладов банка с отозванной лицензией?
138,Что поможет новичку начать контролировать бюджет без сложных инструментов?
139,Какие инструменты снижения рисков для банков и инвесторов доступны через Корпорацию МСП?
140,"Как понять, потянете ли ежемесячный платеж по ипотеке?"
141,Как распознать фишинговое письмо?
142,Как проверить легальность кредитора перед оформлением займа?
143,Какие ПИФы лучше подходят для долгосрочной стратегии инвестирования?
144,Почему при замене водительского удостоверения важно сообщить об этом страховщику по ОСАГО?
145,Как соотносится лимит суммы по кредитным каникулам для потребительских займов с максимальным размером кредита по семейной ипотеке?
146,"Зачем при размещении ценных бумаг нужны регистратор, а также депозитарий?"
147,"Получает ли созаемщик право на имущество, купленное в кредит, без указания в договоре купли-продажи?"
148,Через кого частному инвестору доступны опционы либо фьючерсы на бирже?
149,Как сохранить прожиточный минимум при аресте счетов после решения суда?
150,"Когда по оформленному кредиту можно не платить, несмотря на обязанность погашать долги?"
151,Как проверить легальность посредника для привлечения финансирования онлайн?
152,Чем отличается порог выручки для обязательного приема карт «Мир» от максимальной суммы «закупки с полки» по 223‑ФЗ?
153,Какие проблемы с оплатой появились из‑за санкций?
154,Чем отличается имущественная ответственность ИП от ответственности учредителя ООО?
155,Какие практики помогают сократить повседневные расходы при покупках?
156,"Какой месячный срок действует для отказа от допуслуг по кредиту, совпадающий со сроком безуведомительного погашения POS-кредита?"
157,"Чем лизинг полезен на старте бизнеса, а также на стадии роста?"
158,Какие базовые правила помогут защититься от финансовых мошенников?
159,Как проверить легальность посредника на рынке инвестиций?
160,Можно ли через ИИС-3 инвестировать в золото с налоговой выгодой?
161,"Почему драгоценные металлы считаются защитой сбережений при высокой инфляции, но на коротком горизонте риск убытка велик?"
162,Как предпринимателю взять микрозаем на льготных условиях через госпрограмму — с ускоренным оформлением через цифровой профиль?
163,Как избежать штрафов по нескольким кредитам в период праздников?
164,Чем отличается снижение ставки в госпрограммах от «ипотеки от застройщика»?
165,"Где в договоре искать ПСК по кредиту, что она означает?"
166,Куда обращаться при споре по ИСЖ в отличие от претензий к инвестиционному советнику?
167,Почему жертвы прошлых обманов часто становятся целью новых мошенников?
168,Чем отличается банковский вклад от имущественного налогового вычета?
169,Почему цена ОСАГО у страховщиков может отличаться в разы?
170,Какие признаки выдают финансовую пирамиду в вакансиях с быстрым заработком?
171,Какие действия заемщика приводят к ухудшению кредитной репутации по данным БКИ?
172,Как избежать ошибок при подписании кредитного договора?
173,Как облагаются проценты по вкладам с учетом страховой защиты вкладов?
174,Чем отличается риск утраты активов при банкротстве доверительного управляющего по сравнению с брокером?
175,"Какие меры безопасности рекомендуются при онлайн-расчетах с картой, в том числе при использовании бонусных программ?"
176,"Примут ли в банке ветхие иностранные купюры так же, как поврежденные рубли?"
177,Какие возрастные ограничения есть при накоплении на ребенка через вклад по сравнению с НСЖ?
178,Как с 2025 года отличаются ставки НДФЛ по инвестиционным доходам от ставок по прочим доходам?
179,"Как подготовиться к выбору карты с кешбэком, чтобы получать максимальный возврат?"
180,"Где получить бесплатную помощь, чтобы подготовиться к участию в госзакупках?"
181,Чем опасна установка программ из непроверенных источников?
182,Как открыть вклад дистанционно с учетом безопасности биометрии?
183,Какие меры принимает Банк России для защиты инвесторов в период санкций?
184,Какие налоговые льготы доступны по страхованию жизни?
185,Какие инструменты помогут паре прозрачно вести общие расходы?
186,Почему не стоит спешить с микрозаймом?
187,"Зачем перед вводом личных данных проверять подлинность сайта, а также источник установки приложения?"
188,Какие официальные каналы поддержки описаны для пострадавших от пандемии?
189,Чем различается рассрочка у туроператора по сравнению с рассрочкой у застройщика?
190,Почему оплата через мобильные платежные системы безопаснее ввода реквизитов карты на сайтах?
191,Страхование крупного кредита при обычном обслуживании отличается от требований при рефинансировании?
192,Зачем учитывать риск развода при планировании ипотеки?
193,"Где государство не обеспечивает защиту ваших денег: в ИСЖ, паевых фондах на брокерском счете или в жилищно‑накопительном кооперативе?"
194,Вернут ли деньги за ОСАГО при продаже автомобиля по сравнению со случаем отзыва лицензии у страховщика?
195,"Как перейти к новому брокеру, если у вас ИИС-3?"
196,Где проверить официальность сайта продавца ОСАГО?
197,Как отличается доступ к деньгам в ИСЖ по сравнению с продажей паев биржевых фондов?
198,Как закон ограничивает штрафы за просрочку по кредитной карте по сравнению с микрозаймом?
199,Как проверить легальность финансовой компании перед переводом денег?
200,"Как оспорить ошибку в кредитной истории, появившуюся после передачи долга новым кредитором?"
201,"Как оформить возврат части расходов на обучение в виде налогового вычета, включая сроки поступления денег?"
202,"Чем BNPL отличается от кредитной карты по источнику средств, срокам беспроцентного периода?"
203,"Как поступить, если в полисе ОСАГО применен неверный КБМ?"
204,В чем разница между кешбэком и чарджбэком?
205,"Где в договоре должна быть указана полная стоимость кредита, что помогает отличить легального кредитора от черного?"
206,Какие финансовые продукты не покрывает система страхования вкладов?
207,Зачем проверять членство МФО в СРО перед оформлением займа?
208,В каких ситуациях могут запретить выезд из России из‑за долгов?
209,"Почему рискованно сообщать коды из СМС в сценарии «задержалась посылка», а также показывать банковскую карту на видеособеседовании?"
210,Почему свежая регистрация компании повышает риск для соискателя или инвестора?
211,Какие ограничения по счетам предусмотрены для налоговых вычетов по ПДС с учетом сроков выплат?
212,Когда требуется тестирование клиента для ИСЖ в отличие от покупки отдельных ETF?
213,"Где удобнее хранить «подушку безопасности», если нужен мгновенный доступ к деньгам?"
214,Как получить инвествычет через посредника при продаже бумаг?
215,Где проверить легальность МФО перед оформлением «нуля»?
216,Как снизить риск оспаривания сделки при покупке вторичного жилья?
217,Где получить выписку о состоянии пенсионных накоплений?
218,Чем отличаются переводы по номеру телефона через СБП от платежей по реквизитам с номером 30101?
219,Чем накопительное страхование жизни отличается от инвестиционного с точки зрения гарантии дохода?
220,"Какие требования к страхованию залога при ипотеке, включая последствия перерыва в полисе?"
221,Как проверить легальность сервиса для кошелька по сравнению с финансовым маркетплейсом?
222,"Какие платежи лучше проводить с расчетного счета, чтобы снизить риск блокировки?"
223,Где проверить легальность финансовой организации перед вложением денег?
224,"Каков минимальный срок «периода охлаждения» для обычных добровольных страховок, полисов, оформленных через банк вместе с кредитом, а также для договоров инвестиционного или накопительного страхования жизни?"
225,Куда жаловаться при нарушениях со стороны НПФ или страхового посредника?
226,Как ДСАГО влияет на необходимость доплаты виновником при крупном ущербе?
227,Какие ограничения действуют для неквалифицированных инвесторов при покупке акций и паев закрытых ПИФов?
228,Чем отличается ДСАГО от каско по объекту защиты?
229,Чем отличается ответственность эмитента по облигациям от акций?
230,Как меняется лимит возмещения по ремонту авто при европротоколе без фотофиксации по сравнению с оформлением через ГИБДД?
231,Как обезопасить себя на случай утери векселя?
232,"Кто защищает клиентов при проблемах банка, а кто при отзыве лицензии у страховщика?"
233,Где надежнее сохранить деньги при отзыве лицензии банка: в векселе или при расчетах через банковскую ячейку?
234,"Как при разводе делят жилье и долг по семейной ипотеке, если взнос был из маткапитала"
235,"Какие госгарантии предусмотрены для средств пайщиков КПК, а также для взносов в ЖНК?"
236,Когда имеет смысл жаловаться в Банк России по проблеме с финансовой организацией?
237,Что использовать для покрытия неожиданных трат?
238,Почему переводы через СБП по номеру телефона упрощают межбанковские расчеты?
239,"Куда подавать заявку на продажу заблокированных активов, находящихся в паях ПИФа, с учетом доступности управляющих компаний на финансовых маркетплейсах?"
240,Можно ли торговать на бирже без брокера?
241,"Как разместить подушку безопасности, чтобы она была защищена и без сюрпризов по условиям?"
242,Как многодетной семье сократить расходы на музеи во время отдыха?
243,Почему повторяются финансовые пузыри?
244,Как технологии меняют финансовые услуги по мнению авторов подборок?
245,Куда обращаться при споре со страховщиком по ИСЖ и по ОСАГО?
246,"Какой уровень ПДН считается безопасным, а что происходит при превышении 50%?"
247,"Что делать при мошеннических автоплатежах, как снизить риск повторения?"
248,Когда вступят в силу изменения в ОСАГО после подачи заявления?
249,Почему новичку опасно спекулировать деривативами?
250,Как корректно учесть территориальный коэффициент при покупке ОСАГО онлайн?
251,Какой общий риск несут клиент брокера и владелец депозитарных расписок при отзывах лицензий у посредников?
252,Какая страховка обязательна при ипотеке?
253,Что делать с сомнительной или поврежденной банкнотой?
254,Как сочетается рекомендация работать официально с защитой пенсионных накоплений государством?
255,Чем биржевые фонды отличаются от ПИФов по комиссиям и ликвидности?
256,Чем отличается защита сбережений в банке от защиты в кредитном потребительском кооперативе?
257,Какие меры Банк России применяет для защиты клиентов?
258,Чем электронные деньги отличаются от записей в блокчейне?
259,"Какие материалы применяют для повышения износостойкости российских банкнот, пример — купюра 200 рублей?"
260,Какие налоговые льготы дает ИИС-3 и на какой срок его имеет смысл открывать у брокера?
261,"Как проверить, что предложение по кредиту или рефинансированию исходит от легального банка, а не от мошенников?"
262,"Куда жаловаться, если оформили ИСЖ без тестирования под видом вклада?"
263,Как вовлечь детей в семейное планирование финансов без жесткого контроля?
264,"Как хранить акции, чтобы снизить риск потери при банкротстве брокера?"
265,"К кому обратиться, если МФО навязала платные услуги и отказывается возвращать деньги?"
266,Как соотносятся создание безналичных денег банками с выпуском криптовалюты в блокчейне?
267,"Как безопасно купить страховку онлайн, чтобы при навязывании можно было вернуть деньги?"
268,Где займы обычно обходятся дороже: в банках или в КПК?
269,"Как проверить, что сайт оплаты или продажи полиса настоящий?"
270,Законен ли отказ в продаже ОСАГО из‑за несоответствия данных проверке в НСИС?
271,Почему индекс бигмака не подходит для измерения инфляции?
272,"В какой срок после объявления санкций нужно перевести иностранные облигации к другому посреднику, чтобы не лишиться купонов?"
273,Почему не стоит одновременно подавать много кредитных заявок при высоком ПДН?
274,В каких случаях страховку оплачивает не клиент?
275,Какие ограничения на выдачу наличной валюты действуют для средств на счетах по сравнению с деньгами в банковской ячейке?
276,Почему для успеха важен отказ от шаблонов?
277,"Где искать официальные списки мер поддержки, банков-участников программ?"
278,"Что грозит созаемщику, если основной заемщик прекратил выплаты?"
279,Какие последствия наступают при несвоевременных выплатах по краудлендингу и по облигациям?
280,Почему досрочный платеж по кредиту лучше вносить в дату планового платежа?
281,Как учесть инфляцию в семейном плане для сохранения сбережений?
282,Чем отличаются решения для закрытия кассового разрыва для инвестора на бирже и для бизнеса?
283,Почему сумма списания по рублевой карте за границей может отличаться от ожидаемой?
284,Чем краудинвестинг отличается от краудлендинга?
285,Что делать при подозрительном звонке «службы безопасности» на фоне блокировки карты?
286,"В каких ситуациях предпринимателю проще воспользоваться лизингом, чем кредитом?"
287,Почему обещания «100% результата» и гарантированной прибыли без риска — признак мошенничества?
288,В каких случаях можно получить повышенную компенсацию до 10 млн рублей при проблемах с банком?
289,"Какие налоговые либо государственные стимулы доступны для НПФ, ДМС, страхования жизни?"
290,"Почему при разделе ипотечной квартиры важно учитывать лимиты льготных программ, если ставка была снижена за счет застройщика?"
291,Какие признаки укажут на финансовую пирамиду под видом инвестпроекта либо «работы с высоким доходом»?
292,Почему включение платных сервисов в сумму кредита ведет к переплате?
293,"Когда уместнее выбрать краудфандинг, а не копить самостоятельно?"
294,Как оформить вычет на инвестиционный доход по ИИС‑3 при закрытии счета?
295,"Как залог снижает риск потерь для того, кто предоставляет деньги?"
296,Обязателен ли для продавцов прием платежей по QR-коду через СБП по сравнению с планом приема цифровых рублей крупным бизнесом?
297,Может ли банк отказать в кредите после биометрической идентификации?
298,Какие признаки операций чаще всего вызывают у банка подозрения в мошенничестве?
299,Какой вариант финансирования выбрать сезонному бизнесу при риске отказа банка из‑за регулярных платежей?
300,"Как действует страхование вкладов для номинального счета на ребенка, по сравнению с обычным банковским вкладом?"
301,"Как распознать обман в звонках про блокировку карты из‑за SWIFT, где перепроверять такую информацию?"
302,По каким признакам распознать фишинговый сайт или письмо?
303,Как проверить подлинность полиса ОСАГО перед покупкой?
304,Почему нельзя сообщать коды из СМС незнакомцам?
305,Чем отличается дополнительная детская карта от собственной молодежной карты с 14 лет?
306,Какие реестры и списки стоит проверить перед инвестированием и выбором юриста?
307,"Когда разумнее выбрать банковский вклад, а не накопительное страхование жизни?"
308,Как реально улучшить испорченную кредитную историю?
309,Как получить доступ к средствам на счете при проблемах с картой?
310,Почему массовая рассылка заявок снижает шансы на одобрение?
311,Какие решения дают налоговую выгоду при одновременной защите сбережений?
312,"Где хранятся купленные через брокера акции и с чего начать их поиск, если вы потеряли документы?"
313,"Что безопаснее для оплаты: карта, QR‑код или биометрия?"
314,Какие устройства нужны для оплаты по QR-коду по сравнению с оплатой лицом на кассе?
315,Какие реквизиты карты относятся к секретным при онлайн-оплате?
316,"Как обращаются субординированные бумаги при санации, распространяется ли на такие инструменты защита АСВ?"
317,"Какие последствия ждут продавца, если новый владелец ездит по его полису ОСАГО?"
318,Какие шаги доступны заемщику при финансовых трудностях?
319,"Что безопасно сообщать для получения перевода, какие данные считаются «ключом к деньгам»?"
320,"Какие цифровые условия нужны для дистанционного получения страхового возмещения по вкладам, а также для оформления социального вклада?"
321,"Почему быстрая продажа квартиры, купленной по субсидированной ставке от застройщика, осложняется при разводе?"
322,В каких случаях действует госстрахование вкладов?
323,"Как понять, что страница оплаты фишинговая при онлайн‑покупках или оплате «налога» из вакансии?"
324,Какой формат бизнеса выбрать для ограничения личной ответственности при работе с НДС?
325,Почему начинать копить раньше выгоднее?
326,Чем государственные гарантии по вкладам отличаются от защиты пенсионных накоплений в НПФ?
327,"Почему опасно переходить по ссылкам из напоминаний о продлении ОСАГО, а также из переписки с «работодателем»?"
328,Каковы лимиты страховой защиты вкладов против НПФ?
329,Когда регулятор выберет санацию вместо отзыва лицензии?
330,Когда имеет смысл открывать ИИС и какой минимальный срок нужен для ИИС-3?
331,"Кто имеет право на кредитные каникулы из‑за мобилизации, какой срок перерыва предусмотрен?"
332,Как подготовиться к ежегодным тратам без стресса?
333,"Что мешает оплате картой в России, если SWIFT не помеха?"
334,Что выбрать для закрытия кассового разрыва: факторинг или краудлендинг?
335,"Что делать, если из‑за ошибки в НСИС не получается купить ОСАГО онлайн?"
336,Можно ли продать ипотечную квартиру без согласия банка?
337,С какого возраста ребенок может совершать мелкие покупки самостоятельно?
338,"Что произойдет с вашими деньгами при отзыве лицензии банка по вкладу, оформленному через маркетплейс, в отличие от ситуации с векселем?"
339,Как совместить выплаты по автокредиту с созданием подушки безопасности?
340,Что делать при подозрении на нелегального ломбарда?
341,"Какой уровень рейтинга выбрать для страховщика, чтобы снизить риск нестабильности?"
342,Как участие банка в продаже страховки отражается на цене?
343,Как статус МФО влияет на шанс вернуть вложения при банкротстве организации?
344,"Как при расчете ПДН учитывают кредит, где вы созаемщик, по сравнению с кредитом, где вы поручитель?"
345,"Что делать, если требуют оплатить кредит, которого вы не оформляли?"
346,Зачем предпринимателю нужен бизнес-план при привлечении денег через инвестплатформы или биржу?
347,Как инвестору распорядиться замороженными паями ПИФов в 2024 году?
348,"Сколько можно вернуть по ИИС при открытии до конца года, с каким сроком перечисляют деньги через ФНС?"
349,Чем официальное измерение инфляции отличается от «индекса борща»?
350,В каких схемах применяется номинальный счет?
351,Какие возможности дает 30 дней после оформления договора или POS-кредита?
352,Когда стоит обратиться к финансовому консультанту вместо самостоятельного планирования?
353,Чем для вкладчика отличается санация банка от отзыва лицензии?
354,Может ли просроченный микрозаем бесконечно расти из‑за пеней?
355,"Как поступить при требовании доплаты за ремонт по ОСАГО при оценке в пределах лимита, проверяя статус полиса через НСИС?"
356,Почему вклад в банке предпочтительнее домашней копилки с точки зрения инфляции и сохранности денег?
357,Почему снятие наличных с карты за границей обходится дорого?
358,Зачем ограничивать платежи по кредитам уровнем до 30% дохода?
359,Как соотносятся лимит сотрудников на УСН с критерием малого бизнеса по численности?
360,"Каков максимальный срок кредитных каникул, какие лимиты по сумме действуют?"
361,Как кредитные каникулы мобилизованного отражаются на созаемщике?
362,"При какой сумме долгов выбирают внесудебное банкротство, а когда возникает обязанность подать в суд?"
363,"Почему при перегретой экономике снижение ключевой ставки запускает инфляционную спираль, подрывая сбережения?"
364,Когда страховка действительно обязательна: при покупке билета или при оформлении кредита?
365,"Сколько раз в год бесплатно можно получить кредитную историю, а где узнать, в каких БКИ она хранится?"
366,"Какой уровень долговой нагрузки считается приемлемым, а какой — критическим для заемщика?"
367,Когда заявлять в полицию при мошенничестве или аварии?
368,Почему снижение ключевой ставки в перегретой экономике может разогнать инфляцию вместо роста выпуска?
369,Чем грозит досрочная смена фонда в ОПС по сравнению с досрочным расторжением договора НПО?
370,"Как заранее оценить переплату по кредиту, чтобы не попасть в долговую яму?"
371,Где проверить легальность страховой компании либо кооператива при сомнениях?
372,Как защищать права по ОСАГО при отсутствии периода охлаждения?
373,Как избежать потерь при переводе пенсионных накоплений в программу долгосрочных сбережений из другого фонда?
374,Чем грозит просрочка по «нулевому» микрозайму для будущих заявок на кредит?
375,"Каковы последствия отзыва лицензии банка для долга по кредитке, а НПФ — для пенсионных накоплений?"
376,С какого возраста подросток открывает вклад с возможностью снимать проценты до совершеннолетия?
377,Влияет ли участие созаемщика на сумму и процент по кредиту?
378,Как учитываются вклад с кредитом в одном банке при санации либо при отзыве лицензии?
379,Как определяется доходность по векселю по сравнению с ценой лота на аукционе замороженных активов?
380,"Какой налог можно платить со сдачи жилья вместо НДФЛ, чем его ставки отличаются от подоходного налога?"
381,Что делать при первых признаках невозможности вовремя платить по кредиту?
382,Как начать подготовку к пассивному доходу к конкретной дате?
383,В какой срок после ДТП подают документы страховщику при европротоколе?
384,Как проходит принудительная конвертация депозитарных расписок в акции при блокировке обмена?
385,Какие данные банковской карты нужны мошенникам?
386,"Почему при последствиях ДТП владельцу удобнее иметь каско, а не полагаться на одно ОСАГО?"
387,"Вправе ли кредитор подать в суд за просрочку, если мобилизованному уже одобрили кредитные каникулы?"
388,"Учитывают ли при расчете НДФЛ проценты по счетам с процентом на остаток, например по текущему счету?"
389,Как корректно сравнить доходность НПФ с результатами управляющих компаний СФР с учетом комиссий?
390,Какие ограничения на досрочный выход описаны для векселя по сравнению с поданной заявкой на аукцион замороженных активов?
391,Какие шаги помогут не переплатить при выборе ипотеки по аналогии с борьбой с импульсивными покупками?
392,"Как организовать ребенку карманные деньги на карте так, чтобы родитель видел его траты?"
393,"Что безопаснее для сохранности активов при проблемах у посредника: брокер или доверительный управляющий, и почему?"
394,Почему не стоит инвестировать последние деньги либо занимать на биржу?
395,"Когда безопаснее переводить пенсионные накопления в новый НПФ, если ориентироваться на надежные фонды по рейтингу?"
396,Каковы сроки подачи заявлений при ликвидации МФО по сравнению с обращением за возмещением при отзыве лицензии у НПФ?
397,Почему платеж через терминал может зависнуть при отзыве лицензии у банка‑посредника?
398,Почему рискованно работать через иностранного форекс-дилера без российской лицензии?
399,Куда жаловаться при нарушении прав со стороны брокера или форекс‑дилера?
400,Распространяется ли самозапрет на POS‑микрозаймы?
401,Почему внеплановый платеж лучше делать в дату планового взноса?
402,"Какие инструменты, в отличие от банковских вкладов, не покрываются государственной системой страхования?"
403,По каким причинам оператор кошелька или банк блокируют операции?
404,Когда СТО вправе требовать доплату при ремонте по ОСАГО?
405,Как авторы советуют усиливать команду за счет подбора людей?
406,"Можно ли отменить перевод через СБП, как это соотносится с необратимостью транзакций в блокчейне?"
407,Чем отличается защита денег инвесторов МФО от гарантий по добровольным пенсиям в НПФ?
408,"Российские облигации у санкционного брокера доступны, какие бумаги для новичка самые надежные?"
409,Кто платит НДФЛ по доходам от депозитарных расписок против дивидендов по акциям?
410,Как снизить риск потери ценных бумаг при проблемах у посредника?
411,"Как банки увеличивают количество денег в экономике, что при этом угрожает ценам?"
412,Когда уместно рефинансировать кредит: при появлении ребенка либо перед Новым годом?
413,"Каков лимит страхового возмещения по вкладам, когда доступна выплата до 10 млн рублей?"
414,Как выгодно использовать распродажи при подготовке к школе или к Новому году?
415,"Что делать, если в полисе ОСАГО указан неправильный КБМ, и когда начнут действовать исправления?"
416,"Как распознать обман, когда обещают компенсации за прошлые потери?"
417,"Какой кредитный рейтинг должен иметь МФО для долгосрочных вложений с учетом того, что такие инвестиции не страхуются государством?"
418,"Какие ограничения на досрочный выход из сделки указаны для векселя, а также для участия в аукционе заблокированных активов?"
419,"Попадают ли деньги в доверительном управлении, на брокерском счете и в структурном депозите под страхование вкладов?"
420,Как госпоручительство помогает оформить заем?
421,Как мошенники получают данные банковских карт через поддельные сайты?
422,Как удостовериться в легальности кредитора перед заявкой?
423,Покроет ли страховка ответственности кражу из банковской ячейки?
424,Как избежать потерь при онлайн‑покупках вне официальных магазинов?
425,Что может покупать неквалифицированный инвестор без тестов с учетом ограничений на иностранные бумаги?
426,Зачем сравнивать условия разных банков или сервисов перед крупной тратой?
427,"Как избежать лишних платных сервисов при микрозайме, а также в какой срок можно от них отказаться после подписания?"
428,Как отличается период охлаждения по кредитным страховкам от сроков возврата ИСЖ или НСЖ на небольшую сумму?
429,Какой налоговый режим выбрать ИП для минимальной отчетности с учетом риска личным имуществом?
430,Учитывается ли доход по обезличенным металлическим счетам при расчёте НДФЛ по вкладам?
431,Как правильно проверять подлинность банкнот при расчетах наличными с последующим обращением при сомнениях?
432,"Почему сделки на бирже безопаснее, чем внебиржевые?"
433,Как различаются лимиты возмещения по банковским вкладам по сравнению с добровольной пенсией в НПФ?
434,Почему страховка дороже при оплате через кредит?
435,Какой предел льготной части кредита действует при совмещении «ипотеки от застройщика» с господдержкой?
436,"Как учесть страховые платежи при планировании бюджета семьи, когда страховка на жилье обязательна?"
437,"Почему кредитные рейтинги важны для облигаций, доступных неквалифицированным инвесторам?"
438,Чем отличается отмена операции через сервис «второй руки» от возврата ошибочного перевода?
439,Как правильно проводить расчеты при продаже ипотечной квартиры?
440,"Почему доходность накопительной части государственной пенсии невысока, а займы вне банка обычно обходятся дороже?"
441,"Какие шаги нужно сделать после несанкционированного списания с карты, включая сроки обращения?"
442,В каких случаях есть смысл обращаться в суд при ошибочном переводе либо участии в пирамиде?
443,Что безопаснее для сохранности активов — доверительное управление или брокерское обслуживание?
444,Как кредитные каникулы отражаются на кредитной истории с учетом новых сроков хранения записей?
445,Зачем в бизнес-плане заранее прописывать действия на случай ухудшения условий?
446,Какие первые шаги сделать при мошенническом списании с карты?
447,Как меняется порядок ответственности созаемщика против поручителя при смерти участника СВО?
448,Как созаемщик влияет на условия ипотеки по сравнению с поручителем?
449,Почему многие страны перешли к инфляционному таргетированию и какую цель по инфляции выбрал Банк России?
450,Как зафиксировать курс валюты для будущей закупки без покупки валюты сразу?
451,Когда крупнейшие банки предоставят доступ к цифровому рублю по сравнению со статусом подключения банков к СБП?
452,Как работает период охлаждения для допуслуг к кредитам по сравнению с полисами ИСЖ?
453,Чем отличаются по риску и доходности банковский вклад и инвестиции в ценные бумаги для пассивного дохода?
454,Кто не сможет получить социальный налоговый вычет?
455,"Почему пенсионеры, а также бывшие жертвы пирамид становятся мишенью повторных афер?"
456,Как распознать фишинговый сайт при оплате онлайн?
457,"Как оспорить кредит, оформленный мошенниками на мое имя?"
458,Почему при санкциях против брокера с депозитарной лицензией замораживаются иностранные активы клиентов?
459,"Как действовать, если сомневаетесь в легальности финансовой организации?"
460,Закроет ли банк карту или счет автоматически после полного погашения кредита?
461,Как узнать обо всех оформленных на вас кредитах?
462,Как соотносится автоматическое начисление налога на АУСН с порядком списания долгов со счетов ИП?
463,"Какие принципы финансовой дисциплины помогают избежать перерасхода, долгов?"
464,Какие признаки выдают телефонную мошенническую атаку?
465,Какие инструменты помогают сократить расходы на праздники?
466,"Какой реестр проверяют по МФО, а какой по коллекторскому агентству?"
467,Как совмещать накопления на долгосрочные цели с контролем повседневных трат?
468,Как защищены деньги на аккредитиве по сравнению со счетом эскроу при сделке в ипотеке?
469,Как снизить риск личных выплат при суброгации после ДТП?
470,Доступна ли одновременная льгота на взносах вместе с льготой на доход по ИИС разных типов?
471,Кто вправе запрашивать информацию о ценных бумагах умершего?
472,Как отменить навязанную допуслугу к онлайн‑займу под 0%?
473,Как избежать ущерба кредитной истории при риске просрочки по краткосрочному займу?
474,"Кто контролирует работу брокеров, депозитариев и управляющих ПИФов?"
475,Как сочетать УСН с патентом при тестировании нового направления с учетом личного риска ИП?
476,Какой способ контроля поможет вовремя заметить мошеннические списания по карте?
477,В каких ситуациях возможно упрощенное внесудебное банкротство должника?
478,Как проверить легальность ломбарда либо брокера?
479,Как соотносится переплата по займам под 0% при просрочке с законным лимитом по краткосрочным кредитам?
480,"Как поступить, если пришло сообщение об ошибочном переводе с просьбой вернуть деньги?"
481,Как безопасно оформить ОСАГО онлайн через финансовую платформу?
482,Нужно ли банку считать ПДН при оформлении кредитных каникул для мобилизованного?
483,Какие онлайн‑сервисы МСП помогут на старте: где сделать бизнес‑план и где подать заявку на льготную поддержку?
484,Как изменился размер соцвычета на спорт в 2024 по сравнению с 2022?
485,"Что стоит сделать перед оформлением ипотеки, чтобы учесть обязательные расходы по кредиту?"
486,"Где проверять легальность банков, страховщиков, платежных агрегаторов?"
487,Чем отличается вклад от инвестиций по защите средств?
488,Нужно ли заемщику менять платежи при санации банка либо при отзыве лицензии?
489,Как учитывать инфляцию в семейном финансовом плане?
490,Почему банковский вклад безопаснее инвестиций в ПИФы?
491,Какие ПИФы подходят для краткосрочной стратегии?
492,В чем различие условий вычетов по ИИС-1/ИИС-2?
493,Какие страховки реально обязательны по закону?
494,"Где монеты зачислят без комиссии, а где пополнение обойдется дороже?"
495,Как проверить страховую компанию перед покупкой автостраховки?
496,В каких случаях банк обязан вернуть клиенту деньги при мошенническом переводе и при несанкционированной операции по карте?
497,В каких случаях банк вправе приостанавливать операции бизнеса?
498,Чем защита денег на банковских счетах отличается от вложений в НСЖ при проблемах у организации?
499,Что проверяют банки по бизнес-плану по сравнению с краудинвестингом?
500,Чем отличается банковское финансирование с госгарантией от краудлендинга?
